89;DW08528;2;shown
13;GABARIT-PERCAGE-VIS-ASSEMBLAGE;10;shown
88;GABARIT-PERCAGE-VIS-EXCENTRIQUE;5;shown
12;CLOUS-DOUBLE-TETE-100;1000;shown
11;PINCE-MAINTIEN-FACADES-TIROIRS;10;shown
2;FRAISE-RAYON-12-7MM;40;shown
9;FRAISE-ENTURES-MULTIPLES-12;10;shown
4;PONCEUSE-PNEUMATIQUE-ANGLE;5;shown
6;GABARIT-REGLAGE-CHARNIERE;5;shown
5;GABARIT-CHARNIERE-35MM;5;shown
14;GABARIT-CHARNIERE-35MM-CMT-JULY;4;shown
8;PINCE-ASSEMBLAGE-90-BOUTS;20;shown
7;GABARIT-PERCAGE-CHARNIERE;10;shown
67;HENKEL-TECHNOMELT-CHANTS;1;shown
3;COUPE-CHANT-MANUEL;10;shown
66;APEL-HOTMELT-BK539-BK511;11;shown
10;PACK-6-CRAYONS-CIRE-MEUBLES;5;shown
36;ZICAR-MF3000;0;outOfStock
17;PLAQUEUSE-AUTOMATIQUE-COMPACTE-BAC-COLLE;0;outOfStock
16;TABLE-SCIAGE-WJ160A-MULTIFONCTION;1;shown
15;PLAQUEUSE-CHANTS-PORTABLE-BAC-COLLE;1;shown
59;CMT-309-060-12;0;outOfStock
58;CMT-309-060-11;0;outOfStock
57;CMT-309-150-12;1;shown
56;CMT-309-150-11;1;shown
55;CMT-309-100-12;1;shown
54;CMT-309-100-11;1;shown
53;CMT-309-080-12;1;shown
52;CMT-309-080-11;1;shown
51;CMT-369-350-12;1;shown
50;CMT-369-350-11;1;shown
87;CMT-911.060.11;1;shown
86;CMT-911.220.11;1;shown
85;CMT-702.140.11;1;shown
84;CMT-712.060.11;1;shown
83;CMT-711.100.11;1;shown
82;CMT-711.140.11;1;shown
81;CMT-702.220.11;1;shown
80;CMT-702.250.11;1;shown
79;CMT-950.602.11;1;shown
78;CMT-950.603.11;1;shown
77;CMT-950.601.11;1;shown
76;CMT-950.001.11;1;shown
48;CMT-706-064-11;1;shown
47;CMT-706-127-11;1;shown
46;CMT-912-160-11B;1;shown
45;CMT-955-105-11;1;shown
44;CMT-955-103-11;1;shown
43;CMT-955-102-11;1;shown
42;CMT-955-504-11;1;shown
32;CMT-297-096-12P;1;shown
30;CMT-296-235-48M;1;shown
29;CMT-297-108-14M;1;shown
22;CMT-288-120-24H;2;shown
21;CMT-272-190-42M;2;shown
20;CMT-283-096-12M;2;shown
19;CMT-281-096-12M;2;shown
18;CMT-281-072-12M;2;shown
75;BOSCH-2608628375;1;shown
74;BOSCH-2608628383;1;shown
73;BOSCH-2608628392;1;shown
72;BOSCH-2608628391;1;shown
71;BOSCH-2608628377;1;shown
70;BOSCH-2608628376;1;shown
69;BOSCH-2608628441;1;shown
68;BOSCH-2608628378;1;shown
65;BOSCH-2608628406;1;shown
64;BOSCH-2608628447;1;shown
63;BOSCH-2608628407;1;shown
62;BOSCH-2608628341;1;shown
61;BOSCH-2608628343;1;shown
60;BOSCH-2608628448;1;shown
35;BOSCH-2608644407;1;shown
34;BOSCH-2608640886;1;shown
33;BOSCH-2608644409;1;shown
31;FOREZIENNE-LC2002408M;1;shown
28;CH-AMORTIE-1CM;2500;shown
27;CH-AMORTIE-15CM;2500;shown
41;FEMI-RT400;1;shown
40;FEMI-TS36-528;1;shown
39;FEMI-PF204-CYCLONE;1;shown
38;FEMI-305S;1;shown
37;FEMI-TR1030DBA;1;shown
